User,Tweet ID,Time,Text
ahmedjl2x,1.45E+18,2021-10-12 06:57:09+00:00,Late from the trend but still wanna try...my edit entry... #twice #SquidGames  #sana #Sanaonsquidgame #twicesana‚Ä¶ https://t.co/dpb1Hkcmca
ahmedjl2x,1.45E+18,2021-10-12 06:57:05+00:00,The whole game could have been avoided ‚ò†Ô∏è #SquidGame #SquidGames https://t.co/OtPzWkq7Lj
ahmedjl2x,1.45E+18,2021-10-12 06:56:17+00:00,I've just watched episode S01  E08 of Squid Game! #squidgames #tvtime https://t.co/83BtQGgw5F #tvtime https://t.co/FTrV18QoAV
ahmedjl2x,1.45E+18,2021-10-12 06:55:35+00:00,Late from the trend but still wanna try...my edit entry... #twice #SquidGames  #NAYEON #nayeononsquidgame‚Ä¶ https://t.co/FLEhuiqaGq
ahmedjl2x,1.45E+18,2021-10-12 06:54:32+00:00,"There are already more than 10 games on SQUID GAMES, on Play Store!üíØ
#SquidGame #SquidGames #mobilegames"
ahmedjl2x,1.45E+18,2021-10-12 06:53:59+00:00,Late from the trend but still wanna try...my edit entry... #twice #SquidGames  #Mina #Minaonsquidgame #twicemina‚Ä¶ https://t.co/3rgmD9teoy
ahmedjl2x,1.45E+18,2021-10-12 06:53:54+00:00,"I Hated This Show At First. Horrible Acting, But #SquidGames Got Me In A ChokeholdI Wanna Go To Bed But I Gotsta Finish This."
ahmedjl2x,1.45E+18,2021-10-12 06:53:08+00:00,@kennthedegen Amazing Job again! @mmccsolana love the  @TrippyBunnyNFT @0x_fxnction !! Trippy bunny NFTs require a‚Ä¶ https://t.co/OuVAH3CQuB
ahmedjl2x,1.45E+18,2021-10-12 06:51:40+00:00,"Whoever created squid games 
GO
TO
HELL .
#SquidGames #SquidGamesNetflix #whackassending"
ahmedjl2x,1.45E+18,2021-10-12 06:51:00+00:00,"Una nueva y contundente patada a la proverbial piedra bajo la que se esconden trillones de expertos.
#TAV‚Ä¶ https://t.co/bPz92BYp8Y"
ahmedjl2x,1.45E+18,2021-10-12 06:50:40+00:00,OK BUT IMAGINE IF A DANCE TEAM DOES THESE OUTFITS FOR A DANCE VIDEO AND THEN AT THE END ONE TAKES OFF THE MASK AND‚Ä¶ https://t.co/fjc2yCB6SG
ahmedjl2x,1.45E+18,2021-10-12 06:47:59+00:00,"@ANI ""Aao sab khele Green Light Red Light yeh khel hai neerala""

Yeh wala game khelo sir signal pe public ke sath p‚Ä¶ https://t.co/C8hG8O6Y6j"
ahmedjl2x,1.45E+18,2021-10-12 06:47:23+00:00,"ü•∑ü•∑Welcome to #SquidGames  
Î¨¥Í∂ÅÌôî ÍΩÉÏù¥ ÌîºÏóàÏäµÎãàÎã§

#3dprinting #BTS #korean #squidgamefanart #SquidGamememes‚Ä¶ https://t.co/VWAnGN5KtN"
ahmedjl2x,1.45E+18,2021-10-12 06:44:53+00:00,#SquidGames really did a number on me.
ahmedjl2x,1.45E+18,2021-10-12 06:43:10+00:00,"#Squidgames √® una cagata pazzesca

Dopo i primi 2 episodi mi rifiuto di proseguire."
ahmedjl2x,1.45E+18,2021-10-12 06:42:40+00:00,"#SquidGames 
#Procreate https://t.co/zyP8nTKxfO"
ahmedjl2x,1.45E+18,2021-10-12 06:40:56+00:00,"@meekmill had a little something to say.. What do you think?

Facts or nah?

#meekmill #squidgames #yentaroom‚Ä¶ https://t.co/0pMX1zH0CN"
ahmedjl2x,1.45E+18,2021-10-12 06:36:20+00:00,"Have you tried the $AERGO based eVoting app Pikkle?

Latest poll is about #SquidGames 

Pikkle is a voting platform‚Ä¶ https://t.co/OcpcMOtMyO"
ahmedjl2x,1.45E+18,2021-10-12 06:36:01+00:00,"Which button do you choose?

If you know, you know. (If you don't, you can still play the game)

#Homebargains‚Ä¶ https://t.co/FwSkwEOstI"
ahmedjl2x,1.45E+18,2021-10-12 06:35:09+00:00,I think the hardest thing when watching Squid games is not the acting but the shit English dubbing over the top üò©üò©‚Ä¶ https://t.co/D8xjMe3ZtL
ahmedjl2x,1.45E+18,2021-10-12 06:35:01+00:00,"Which button do you choose?

If you know, you know. (If you don't, you can still play the game)

#Homebargains‚Ä¶ https://t.co/hSoqLaLH4y"
ahmedjl2x,1.45E+18,2021-10-12 06:33:45+00:00,"Just finished watching #SquidGames . Good one, Kudos to #HwangDonghyuk #Netflix https://t.co/LNrZn9Fg4j"
ahmedjl2x,1.45E+18,2021-10-12 06:31:10+00:00,"Jeu n¬∞8 : Choisissez un num√©ro de 1 √† 13. Vous avez 10min.
... [10min]
Si votre num√©ro correspond √† une ligne de m√©‚Ä¶ https://t.co/fWGXdIHPNE"
ahmedjl2x,1.45E+18,2021-10-12 06:30:00+00:00,"Someone made a Toy Story, Squid Game Crossover and it scares the Sid out of us ü¶ëüé≤

#toystory #squidgames‚Ä¶ https://t.co/S2yMyyqFYH"
ahmedjl2x,1.45E+18,2021-10-12 06:30:00+00:00,"Someone made a Toy Story, Squid Game Crossover and it scares the Sid out of us ü¶ëüé≤

#toystory #squidgames‚Ä¶ https://t.co/igoYKnWMVV"
ahmedjl2x,1.45E+18,2021-10-12 06:30:00+00:00,"Someone made a Toy Story, Squid Game Crossover and it scares the Sid out of us ü¶ëüé≤

#toystory #squidgames‚Ä¶ https://t.co/zdCLUspqL9"
ahmedjl2x,1.45E+18,2021-10-12 06:29:39+00:00,i shouldve known it was something up with that old man #squidgames
ahmedjl2x,1.45E+18,2021-10-12 06:28:26+00:00,"#SquidGames bu kadar pr kasƒ±ldƒ±ƒüƒ±na g√∂re, kesin √ßok k√∂t√ºd√ºr diye izlemeyi erteliyordum. D√ºn otelde can sƒ±kƒ±ntƒ±sƒ±nda‚Ä¶ https://t.co/xMr3lliZ4Z"
ahmedjl2x,1.45E+18,2021-10-12 06:23:30+00:00,I've just watched episode S01  E05 of Squid Game! #squidgames  https://t.co/Ff15wQNy6k #tvtime https://t.co/gVBRoGA1Bz
ahmedjl2x,1.45E+18,2021-10-12 06:23:30+00:00,"Top South Korean star Lee Jung-jae, who is currently enjoying the global success of 'Squid Game', Netflix's surviva‚Ä¶ https://t.co/kO7jF9HZSA"
ahmedjl2x,1.45E+18,2021-10-12 06:21:43+00:00,"Jeu n¬∞7 : Vous avez 1m30 pour entrer dans le train. Ceux qui resteront sur le quai, seront √©limin√©s.
#SquidGame‚Ä¶ https://t.co/KAR8v1FT8h"
ahmedjl2x,1.45E+18,2021-10-12 06:21:30+00:00,They really sleeping on cedes in this bitch id a kept picking herrr ü•∫üò≠üò≠üòÇüòÇ #SquidGames https://t.co/qcGTv5BUY7
ahmedjl2x,1.45E+18,2021-10-12 06:18:51+00:00,"–ü–æ—Å–º–æ—Ç—Ä–µ–ª–∞ ""–ò–≥—Ä–∞ –≤ –∫–∞–ª—å–º–∞—Ä–∞"". –ß—É–≤—Å—Ç–≤–∞ —Å–º–µ—à–∞–Ω–Ω—ã–µ. –ö–æ–Ω—Ü–æ–≤–∫–∞ –Ω–µ–æ–∂–∏–¥–∞–Ω–Ω–∞—è üò±–ù–æ –æ–Ω–æ —Ç–æ–≥–æ —Å—Ç–æ–∏–ª–æ
100/10
–¢–µ–ø–µ—Ä—å, –±—É–¥–µ–º –Ω–∞–¥–µ‚Ä¶ https://t.co/GdG4EPiz4V"
ahmedjl2x,1.45E+18,2021-10-12 06:17:17+00:00,I've just watched episode S01  E09 of Squid Game! #squidgames  https://t.co/GFrVSdCwfe #tvtime https://t.co/UQcU1l1CzL
ahmedjl2x,1.45E+18,2021-10-12 06:10:43+00:00,"Why are you crying they're just scenes.
The scenes - üò•üò≠üò≠üò≠
#SquidGame #SquidGames https://t.co/T9z9teaicq"
ahmedjl2x,1.45E+18,2021-10-12 06:09:16+00:00,"Bƒõhem sledov√°n√≠ #SquidGames jsem vidƒõl na ruce bose tyhle vintage digit√°lky Casio A168WA-1.

Ten z√°van retra je nap‚Ä¶ https://t.co/lsVTZOauhw"
ahmedjl2x,1.45E+18,2021-10-12 06:06:34+00:00,"Yukkkkkkkk Netflix nyaaa. 

#Netflix #netflixandchill #HometownChaChaChaEp11 #SquidGames #IkatanCintaEp460 https://t.co/yVpuAjGccC"
ahmedjl2x,1.45E+18,2021-10-12 06:03:48+00:00,Bu sabah kapƒ±mda bulduƒüum kart. Kime ula≈üacaklarƒ±nƒ± √ßok iyi biliyor bunlarr #SquidGames https://t.co/skOAmG0gHt
ahmedjl2x,1.45E+18,2021-10-12 06:02:37+00:00,"–î–∞–∂–µ –Ω–∞ –ø–∞—Ä–µ —É –Ω–∞—Å –∏–≥—Ä–∞ –≤ –∫–∞–ª—å–º–∞—Ä–∞ 
#SquidGames https://t.co/rpZ07ps8C5"
ahmedjl2x,1.45E+18,2021-10-12 06:01:49+00:00,"Alternatywna wersja #squidgames, dla mnie bardziej realistyczna. cc: @mati_swiecicki 

https://t.co/US6M6mgHcr"
ahmedjl2x,1.45E+18,2021-10-12 05:59:42+00:00,"Take Charge Tuesday! üîã

Today:
- #TrackOfTheWeek by @AmaalMallik 
- I wanna know your take on #SquidGames 
- Asian‚Ä¶ https://t.co/fqVrxqeRa0"
ahmedjl2x,1.45E+18,2021-10-12 05:56:59+00:00,I've just watched episode S01  E05 of Squid Game! #squidgames  https://t.co/9xB4x9YKRS #tvtime https://t.co/qCWoklWXFj
ahmedjl2x,1.45E+18,2021-10-12 05:56:27+00:00,Who am I kidding.....with my luck I would have sneezed on Red Light. #SquidGames
ahmedjl2x,1.45E+18,2021-10-12 05:56:14+00:00,Lmaooooo yooo they funny asf  #SquidGames https://t.co/4SDscn7Uun
ahmedjl2x,1.45E+18,2021-10-12 05:54:38+00:00,I've just watched S01  E08 of Squid Game! #squidgames  https://t.co/d2P6PveKDJ #tvtime https://t.co/g1DwbtNDCd
ahmedjl2x,1.45E+18,2021-10-12 05:54:17+00:00,001 being gone twice placed with my emotions. ü•∫ #SquidGames
ahmedjl2x,1.45E+18,2021-10-12 05:51:31+00:00,Alright I finally started #SquidGames and so far so good! Fingers crossed it holds up to the hype ü§û‚Ä¶ https://t.co/lqXiJ73rJU
ahmedjl2x,1.45E+18,2021-10-12 05:48:20+00:00,"5 pelajaran hidup dari film #SquidGames
Hutang membuat hidupmu jadi sengsara
Emosi tidak akan menyelesaikan masalah‚Ä¶ https://t.co/zRHOkuFD8H"
ahmedjl2x,1.45E+18,2021-10-12 05:44:48+00:00,"squid game izlemeyi 4 b√∂l√ºmde bƒ±raksam mƒ± devam mƒ± etsem?
#SquidGames #SquidGame"
ahmedjl2x,1.45E+18,2021-10-12 05:43:59+00:00,"Umhm, called it. I knew from when they showed what he was reading in that room #SquidGame #SquidGames"
ahmedjl2x,1.45E+18,2021-10-12 05:41:18+00:00,I‚Äôll be happy to never hear Blue Danube again in life #SquidGame #SquidGames
ahmedjl2x,1.45E+18,2021-10-12 05:37:52+00:00,I've just watched S01  E07 of Squid Game! #squidgames  https://t.co/TAO6G7vIf5 #tvtime https://t.co/GZIOl2J6iD
ahmedjl2x,1.45E+18,2021-10-12 05:37:36+00:00,"Check out our latest creation! 
As part of the @CryptoWhalesART team I am proud to present you  Squid Game Series N‚Ä¶ https://t.co/USuu84H5X9"
ahmedjl2x,1.45E+18,2021-10-12 05:36:59+00:00,"Fancy a game of Ddakji? 
Today‚Äôs #SquidGames inspiration comes from that infamous scene of Gong You offering a game‚Ä¶ https://t.co/RXzW881YI7"
ahmedjl2x,1.45E+18,2021-10-12 05:34:56+00:00,Watched the first episode of #SquidGames last night with my babes @Selflovequeen4 and have to say I thought it was‚Ä¶ https://t.co/bBlXQteAUR
ahmedjl2x,1.45E+18,2021-10-12 05:34:45+00:00,"Quick vocabulary lesson. Bemused is what comes after Amused and is followed by Cimoothed then Deemuzed, and so on.‚Ä¶ https://t.co/u1s0bqcwht"
ahmedjl2x,1.45E+18,2021-10-12 05:33:57+00:00,"A Naija #SquidGames üòß
Follow @popcornandreels on YouTube and turn on post notifications 
Subscribe to the channel a‚Ä¶ https://t.co/PvtaEqYMLd"
ahmedjl2x,1.45E+18,2021-10-12 05:32:18+00:00,Umm None üò≠ #SquidGames https://t.co/7xGLdBiSpX
ahmedjl2x,1.45E+18,2021-10-12 05:31:04+00:00,How you talking like this to Gi-Hun like you so much better but you and him are in the SAME place üòê how that work ü§® #SquidGame #SquidGames
ahmedjl2x,1.45E+18,2021-10-12 05:29:21+00:00,"I go on social media and all i see is #SquidGames this, and #SquidGames that‚Ä¶ so, i try to watch and see what its a‚Ä¶ https://t.co/4dTkiQTG6j"
ahmedjl2x,1.45E+18,2021-10-12 05:28:03+00:00,"Which Fictional Character do you think would win the #SquidGames? Also, tell us in the comment section below if you‚Ä¶ https://t.co/O9CKqRMUVg"
ahmedjl2x,1.45E+18,2021-10-12 05:27:39+00:00,"Ji-yeong(240) is way better than Sae-byeok (067). Fight me 
#SquidGames #Jiyeong"
ahmedjl2x,1.45E+18,2021-10-12 05:26:00+00:00,Squid game doll https://t.co/nRjEV3bKTR #SquidGame #SquidGames #squidgamenetflix #squidgamenetflix
ahmedjl2x,1.45E+18,2021-10-12 05:23:21+00:00,Acabo de ver el cap√≠tulo S01  E06 de El juego del calamar! #squidgames  https://t.co/4UEHkCpis2 #tvtime https://t.co/YPLS3qPizs
ahmedjl2x,1.45E+18,2021-10-12 05:20:37+00:00,"#ŸÑÿπÿ®ÿ©_ÿßŸÑÿ≠ÿ®ÿßÿ± #squidgames #Netflix 
#squidgamememes #dalgona #dalgonacandy üç≠#internetsensation #craze #smashhit‚Ä¶ https://t.co/JXnAF2Xmwv"
ahmedjl2x,1.45E+18,2021-10-12 05:20:32+00:00,"""Join me on ""OK Network"" app. Mine the future with ""OK Network"" and use my Username(""pollancen) as a referral. So,‚Ä¶ https://t.co/WN7D5bgHWC"
ahmedjl2x,1.45E+18,2021-10-12 05:20:23+00:00,They cheating cuz why we can‚Äôt just type our answer no more why we gotta become speakers just to answer questions üôÑ‚Ä¶ https://t.co/aHuquWF24h
ahmedjl2x,1.45E+18,2021-10-12 05:17:33+00:00,"Err...no extra shifts, no overtime, I'll dodge the bullets! üòú

#SquidGame #SquidGames #squidgamenetflix‚Ä¶ https://t.co/IQyHEVxRfc"
ahmedjl2x,1.45E+18,2021-10-12 05:16:06+00:00,this fucking glass‚Ä¶ #SquidGame #SquidGames https://t.co/91kPfjGGhF
ahmedjl2x,1.45E+18,2021-10-12 05:15:44+00:00,"–ï–±–∞—Ç—å –≤—ã –∫–æ–Ω—á–µ–Ω—ã–µ, –≤–º–µ—Å—Ç–µ —Å –≤–∏–ø–∞–º–∏ —ç—Ç–∏ –±–µ—Å—á–µ–ª–æ–≤–µ—á–Ω—ã–µ –∏–≥—Ä—ã —Å–º–æ—Ç—Ä–µ—Ç—å –∞–∂ 9 —Å–µ—Ä–∏–π –¥–æ —Å–∞–º–æ–≥–æ —Ç—Ä–∞–ø–∞, –ø–∏–∑–¥–µ—Ü #squidgames"
ahmedjl2x,1.45E+18,2021-10-12 05:15:32+00:00,Vi episodio S01  E07 of Squid Game! #squidgames  https://t.co/jI74ZkCzRC #tvtime https://t.co/oliLuJrLq1
ahmedjl2x,1.45E+18,2021-10-12 05:15:18+00:00,OK one last one before I hit the rack. It's the Crypto #SquidGames. See that piggy bank full of $TKING - that's wha‚Ä¶ https://t.co/kdMO880HV5
ahmedjl2x,1.45E+18,2021-10-12 05:12:42+00:00,I've just watched episode S01  E04 of Squid Game! #squidgames  https://t.co/dAFhPj54Ht #tvtime https://t.co/dxOGSX7EKE
ahmedjl2x,1.45E+18,2021-10-12 05:12:01+00:00,üòêüòêüòêüòêüòêüòêüòêüòêüòê #SquidGame #SquidGames
ahmedjl2x,1.45E+18,2021-10-12 05:08:32+00:00,"Clip is too big for TW

https://t.co/sqS0FDiXuk

#SquidGame #SquidGames #squidgamefanart #squidgamenetflix‚Ä¶ https://t.co/43THJmx56N"
ahmedjl2x,1.45E+18,2021-10-12 05:05:55+00:00,#sad #TRISTE #TwitterDown #SquidGames #frasesmotivadoras
ahmedjl2x,1.45E+18,2021-10-12 05:05:08+00:00,I've just watched episode S01  E05 of Squid Game! #squidgames  https://t.co/RINwjkvTKC #tvtime https://t.co/2waWwBGLmg
ahmedjl2x,1.45E+18,2021-10-12 05:04:14+00:00,I've just watched episode S01  E04 of Squid Game! #squidgames  https://t.co/gtbBqPWeUN #tvtime https://t.co/2Lhx5PzX0I
ahmedjl2x,1.45E+18,2021-10-12 05:04:09+00:00,Ngl the holy roller one is creeping me out so bad #SquidGame #SquidGames
ahmedjl2x,1.45E+18,2021-10-12 05:00:13+00:00,"SQUID GAME VOL III ‚Ä¢ C4D FAN ART‚Ä¢ üë©‚Äçüíªhttps://t.co/0f9mxiBnQO

#squidgame #squidgames #thesquidgame‚Ä¶ https://t.co/Z0McPrXCRm"
ahmedjl2x,1.45E+18,2021-10-12 04:57:16+00:00,"#SquidGames üòÇüòÇ 
https://t.co/ifadIbEpkK"
ahmedjl2x,1.45E+18,2021-10-12 04:55:46+00:00,I've just watched episode S01  E09 of Squid Game! #squidgames  https://t.co/YLTf8zm2ii #tvtime https://t.co/vD448Limfc
ahmedjl2x,1.45E+18,2021-10-12 04:54:31+00:00,"–ü—Ä–æ—Å–º–æ—Ç—Ä —Å–µ—Ä–∏–∞–ª–∞ ""–ò–≥—Ä–∞ –≤ –∫–∞–ª—å–º–∞—Ä–∞ "" –≤ –Ω–µ–∫–æ—Ç–æ—Ä–æ–π —Å—Ç–µ–ø–µ–Ω–∏ –º–æ—Ç–∏–≤–∏—Ä—É–µ—Ç —Å–ª–µ–¥–∏—Ç—å –∑–∞ —Ñ–∏–Ω–∞–Ω—Å–∞–º–∏. –ù–µ —Ö–æ—á–µ—Ç—Å—è —Å–¥–æ—Ö–Ω—É—Ç—å –∏–≥—Ä–∞—è‚Ä¶ https://t.co/XqYzDn7wwq"
ahmedjl2x,1.45E+18,2021-10-12 04:52:38+00:00,"„Åù„Çç„Åù„Çç„É°„É´„Ç´„É™„Å®„Åã„Ç≤„Éº„Çª„É≥„Å´Âá∫„Å¶„Åç„Åù„ÅÜ„Å™„ÇÑ„Å§
Áµ∂ÂØæ„Åó„Å™„ÅÑ„Åë„Å©ÔΩó
#„É°„É´„Ç´„É™ #‰∏≠ÂõΩ„Åõ„Å©„Çä #‰∏≠ÂõΩËº∏ÂÖ• #NETFLIX #„Ç§„Ç´„Ç≤„Éº„É† #SquidGames https://t.co/LN9O6bSxn8"
ahmedjl2x,1.45E+18,2021-10-12 04:51:07+00:00,Any one have watched #SquidGames ? Ahhhh.
ahmedjl2x,1.45E+18,2021-10-12 04:48:30+00:00,"Red üî¥or green üü¢.... Dime
Is the answer..download the app from https://t.co/5oTOoSdEPc #squidgames #dime #dimeapp‚Ä¶ https://t.co/CHC4UTgUt4"
ahmedjl2x,1.45E+18,2021-10-12 04:48:06+00:00,"Red üî¥or green üü¢.... Dime
Is the answer..download the app from https://t.co/sY7ZtQbLVz #squidgames #dime #dimeapp‚Ä¶ https://t.co/gjskkrpVwl"
ahmedjl2x,1.45E+18,2021-10-12 04:47:29+00:00,"Red üî¥or green üü¢.... Dime
Is the answer..download the app from https://t.co/gTxQJ3auXD #squidgames #dime #dimeapp‚Ä¶ https://t.co/p9TGPiSsro"
ahmedjl2x,1.45E+18,2021-10-12 04:46:29+00:00,"Bon, on vient de terminer #SquidGames..

Je suis un peu perplexe de la fin... je reste un peu sur ma faim. Mais l'i‚Ä¶ https://t.co/iwcC7pasvC"
ahmedjl2x,1.45E+18,2021-10-12 04:45:47+00:00,I've just watched episode S01  E08 of Squid Game! #squidgames  https://t.co/gYG7I5AerE #tvtime https://t.co/Bt3lV5F01A
ahmedjl2x,1.45E+18,2021-10-12 04:42:21+00:00,And they sound exactly how you‚Äôd expect them to sound üòê like a bunch of slavers #SquidGame #SquidGames
ahmedjl2x,1.45E+18,2021-10-12 04:40:11+00:00,While you goofy‚Äôs taking each other out I‚Äôm in motion like (456) Automatic win ü•á #SquidGames #life #beforemytime‚Ä¶ https://t.co/vgcllaUYhl
ahmedjl2x,1.45E+18,2021-10-12 04:38:19+00:00,Of course it‚Äôs a bunch of wm #SquidGame #SquidGames
ahmedjl2x,1.45E+18,2021-10-12 04:36:22+00:00,"I've just watched episode S01  E01 of Squid Game! #squidgames Red Light, Green Light  https://t.co/AXb4YjfkmF‚Ä¶ https://t.co/PkdbM4605J"
ahmedjl2x,1.45E+18,2021-10-12 04:35:12+00:00,I need a 456 #SquidGame outfit! #SquidGames
ahmedjl2x,1.45E+18,2021-10-12 04:34:48+00:00,Spoiled the ending of #SquidGames for myself to see if  my hunch of who the mastermind is was correct. It was correct.
ahmedjl2x,1.45E+18,2021-10-12 04:33:56+00:00,I've just watched S01  E06 of Squid Game! #squidgames  https://t.co/6EdNYX9hu1 #tvtime https://t.co/On6RCZ1oYa
ahmedjl2x,1.45E+18,2021-10-12 04:32:13+00:00,"The timeline is wild. 
#RedFlags 
#JonGruden
#DaveChappelleTheCloser 
#SquidGames"
ahmedjl2x,1.45E+18,2021-10-12 04:29:29+00:00,"‚ÄúKokola kuci kuasumida‚Äù 
‚ÄúHahh , acapp .. acap bergerak‚Äù üòÇüëç
#SquidGames https://t.co/KTsYbCSkdZ"
ahmedjl2x,1.45E+18,2021-10-12 04:26:52+00:00,I've just watched episode S01  E02 of Squid Game! #squidgames  I rate it 9.62  https://t.co/87bfNdipT3 #tvtime https://t.co/xWFZfpShWw
ahmedjl2x,1.45E+18,2021-10-12 04:26:52+00:00,"60 detik lebih dekat bersama Lapas Teluk Kuantan

@HumasKumhamRiau 
@DITJEN_PAS 
@Kemenkumham_RI 

#SquidGames‚Ä¶ https://t.co/Jy0cmvHAi1"
ahmedjl2x,1.45E+18,2021-10-12 04:24:59+00:00,"O67
#SquidGames 
@JuliangInk https://t.co/jYExkV1FwA"
ahmedjl2x,1.45E+18,2021-10-12 04:23:58+00:00,@LAPolicePursuit @FOXLA Saw the beginning of this Pursuit as it drove right in front of my house on Cesar Chavez..‚Ä¶ https://t.co/z0W1hrKGGZ
ahmedjl2x,1.45E+18,2021-10-12 04:23:02+00:00,Fuck. I was not properly overdosing on lexapro for the marble episode‚Ä¶ #SquidGames #UglyCrying
ahmedjl2x,1.45E+18,2021-10-12 04:21:49+00:00,Gganbu Episode of #SquidGames had me like üò¢
ahmedjl2x,1.45E+18,2021-10-12 04:20:54+00:00,Assisti S01  E01 of Squid Game! #squidgames  https://t.co/NbkAX8q0fC #tvtime https://t.co/GHJRxpGXQD
ahmedjl2x,1.45E+18,2021-10-12 04:19:43+00:00,Liked on YouTube: who Wants To See #MRBeast Recreate The #squidgames https://t.co/46HDM7OOo4
ahmedjl2x,1.45E+18,2021-10-12 04:19:42+00:00,S01  E09  Squid Game #squidgames https://t.co/WMUENqnhD9 #tvtime
ahmedjl2x,1.45E+18,2021-10-12 04:18:41+00:00,Nemu ini di Meet &amp; Induknya ternyata dalang dibalik semua ini. Jangan mau kalo kalian ditawarin ya guys.‚Ä¶ https://t.co/38Aaf2My8k
ahmedjl2x,1.45E+18,2021-10-12 04:18:32+00:00,Obviously the hottest character on the show is the cop üòíüòÇ #squidgames
ahmedjl2x,1.45E+18,2021-10-12 04:16:53+00:00,Y‚Äôall sooooo messyyyüò≠üò≠üò≠üò≠üò≠üò≠üò≠üò≠ #SquidGames https://t.co/b1Epw3CYUH
ahmedjl2x,1.45E+18,2021-10-12 04:16:17+00:00,"cancel me on twitter.
squid game sucks

#SquidGame #SquidGames #SquidGamesNetflix"
ahmedjl2x,1.45E+18,2021-10-12 04:16:15+00:00,Oh wow üßçüèæ‚Äç‚ôÄÔ∏è ‚Äúdoes tricking your friend like that make sense to you?‚Äù #SquidGame #SquidGames
ahmedjl2x,1.45E+18,2021-10-12 04:13:57+00:00,Oooohhh Snaaappppp #SquidGames
ahmedjl2x,1.45E+18,2021-10-12 04:13:01+00:00,#SquidGames https://t.co/QFmFh1KT09
ahmedjl2x,1.45E+18,2021-10-12 04:12:08+00:00,Acabei de assistir o epis√≥dio: S01 | E07 de Squid Game! #squidgames  https://t.co/Jcmnp7kuaS #tvtime https://t.co/HK8laOMfRh
ahmedjl2x,1.45E+18,2021-10-12 04:11:32+00:00,I haven't been this emotional invested in characters since Hunger Games. #SquidGames #Gganbu #HeReallyDidntGetOnThePlane #CantStopYelling
ahmedjl2x,1.45E+18,2021-10-12 04:10:52+00:00,The VIPs story line in Episode 7 of #squidgames robs it of  its near perfection... smh ü§¶üèæ‚Äç‚ôÇÔ∏è still top tier showmaking
ahmedjl2x,1.45E+18,2021-10-12 04:08:23+00:00,Let me retry squid games even though the mouth movements not matching the audio creeps me the hell out #SquidGames #SquidGamesNetflix
ahmedjl2x,1.45E+18,2021-10-12 04:08:04+00:00,Don‚Äôt know how I feel about the ending of #SquidGame #SquidGames #SquidGamesNetflix
ahmedjl2x,1.45E+18,2021-10-12 04:07:11+00:00,"D√≠ganme si soy la √∫nica que cuando escucha a la mu√±eca de juego del calamar, siente que escucha la voz que anuncia los tamales üôà #SquidGames"
ahmedjl2x,1.45E+18,2021-10-12 04:06:17+00:00,"Between the old man and Ali, I‚Äôm losing it üòì stomach in knots #SquidGame #SquidGames"
ahmedjl2x,1.45E+18,2021-10-12 04:06:08+00:00,I've just watched episode S01  E03 of Squid Game! #squidgames  https://t.co/vY0PB3sSsd #tvtime https://t.co/H87OVy80Qe
ahmedjl2x,1.45E+18,2021-10-12 04:01:16+00:00,I've just watched episode S01  E03 of Squid Game! #squidgames  https://t.co/cIVg5krReY #tvtime https://t.co/UsDCnPCdIG
ahmedjl2x,1.45E+18,2021-10-12 04:00:19+00:00,ball sock spongebob tiktok trend squid game season 2 outer banks #Halloween #31NightsOfHalloween #Titans‚Ä¶ https://t.co/ctO2d8Oimb
ahmedjl2x,1.45E+18,2021-10-12 03:58:55+00:00,I've just watched episode S01  E01 of Squid Game! #squidgames  https://t.co/c8yHxSUncU #tvtime https://t.co/GSHlwbKFoO
ahmedjl2x,1.45E+18,2021-10-12 03:58:54+00:00,Acabei de assistir ao epis√≥dio S01  E06 de Squid Game! #squidgames  https://t.co/agu2vDL1LU #tvtime https://t.co/DUz4s5aLXu
ahmedjl2x,1.45E+18,2021-10-12 03:58:03+00:00,"@elonmusk I would literally sign up for a stint in #SquidGames to be at a @SpaceX launch, especially if you were th‚Ä¶ https://t.co/1ohQieBZlr"
ahmedjl2x,1.45E+18,2021-10-12 03:57:54+00:00,"why the hell wouldn't the ex wife give him $1,700 to help pay his mom's hospital bills....

#SquidGame #squidgamenetflix #SquidGames"
ahmedjl2x,1.45E+18,2021-10-12 03:57:47+00:00,"My palms are sweating, this is ridiculous #SquidGame #SquidGames"
ahmedjl2x,1.45E+18,2021-10-12 03:55:59+00:00,@yoda81026 Hey All. This is our new NFT. I will be glad if you can check it out and help us make our first sale.‚Ä¶ https://t.co/fd32sS6RB5
ahmedjl2x,1.45E+18,2021-10-12 03:55:02+00:00,"damn. #SquidGames Ep 6 is hard to watch. 

""You either die a hero, or you live long enough to see yourself become the villain."""
ahmedjl2x,1.45E+18,2021-10-12 03:54:59+00:00,"El Numero chistoso y la pose chistosaüò©‚ú®

#SquidGames https://t.co/au10foFL4P"
ahmedjl2x,1.45E+18,2021-10-12 03:54:12+00:00,Interesting take from Super League Gaming CEO Ann Hand on the intersection of #metaverse with the conventional stre‚Ä¶ https://t.co/QSz4LR55YX
ahmedjl2x,1.45E+18,2021-10-12 03:51:47+00:00,Acabei de dar aquela espiadinha em: S01  E08 de Squid Game! #squidgames  https://t.co/TItoq4Mxsu #tvtime
ahmedjl2x,1.45E+18,2021-10-12 03:51:33+00:00,My daughter made her own #SquidGames #dalgona cookies. (and a movie about it). She should NOT have chosen Star. She‚Ä¶ https://t.co/LinvJJj03J
ahmedjl2x,1.45E+18,2021-10-12 03:50:14+00:00,My daughter made her own #SquidGames #dalgona cookies. She should NOT have chosen star. She didn't make it to the n‚Ä¶ https://t.co/VZgSOAYkvA
ahmedjl2x,1.45E+18,2021-10-12 03:49:02+00:00,Eee artƒ±k skecem he #SquidGames ‚Äòinizi
ahmedjl2x,1.45E+18,2021-10-12 03:48:51+00:00,Lmaoooooo this so funny  #SquidGames https://t.co/bsrpIEF8Zd
ahmedjl2x,1.45E+18,2021-10-12 03:47:03+00:00,I've just watched episode S01  E01 of Squid Game! #squidgames  https://t.co/FyOdWJRLaT #tvtime https://t.co/IOjO20cH14
ahmedjl2x,1.45E+18,2021-10-12 03:46:52+00:00,Assisti isso a√≠ S01  E04 of Squid Game! #squidgames  https://t.co/jlgQaYhePs #tvtime https://t.co/kmpY80Yalu
ahmedjl2x,1.45E+18,2021-10-12 03:46:47+00:00,#Squidgame #Squidgames #Squidgamenetflix @thenishantrana @EducatedMoron    @meme_union @sushanth_ganiga‚Ä¶ https://t.co/V7uXdXJKRF
ahmedjl2x,1.45E+18,2021-10-12 03:45:44+00:00,"‚ô°‚ÉõNetflix UltraHD 4K‚ô°‚Éõ
37‡∏ß‡∏±‡∏ô = 120 ‡∏ö‡∏≤‡∏ó
30‡∏ß‡∏±‡∏ô = 110 ‡∏ö‡∏≤‡∏ó
7‡∏ß‡∏±‡∏ô = 35 ‡∏ö‡∏≤‡∏ó

=ÕüÕüÕû‚ô°  ‡∏•‡πá‡∏≠‡∏Å‡∏´‡∏ô‡πâ‡∏≤‡∏à‡∏≠‡∏ó‡∏∏‡∏Å‡∏à‡∏≠
=ÕüÕüÕû‚ô°  ‡∏£‡∏±‡∏ö‡∏õ‡∏£‡∏∞‡∏Å‡∏±‡∏ô‡∏Å‡∏≤‡∏£‡πÉ‡∏ä‡πâ‚Ä¶ https://t.co/iGiquig6z7"
ahmedjl2x,1.45E+18,2021-10-12 03:43:39+00:00,"‚ô°‚ÉõNetflix UltraHD 4K‚ô°‚Éõ
37‡∏ß‡∏±‡∏ô = 120 ‡∏ö‡∏≤‡∏ó
30‡∏ß‡∏±‡∏ô = 110 ‡∏ö‡∏≤‡∏ó
7‡∏ß‡∏±‡∏ô = 35 ‡∏ö‡∏≤‡∏ó

=ÕüÕüÕû‚ô°  ‡∏•‡πá‡∏≠‡∏Å‡∏´‡∏ô‡πâ‡∏≤‡∏à‡∏≠‡∏ó‡∏∏‡∏Å‡∏à‡∏≠
=ÕüÕüÕû‚ô°  ‡∏£‡∏±‡∏ö‡∏õ‡∏£‡∏∞‡∏Å‡∏±‡∏ô‡∏Å‡∏≤‡∏£‡πÉ‡∏ä‡πâ‚Ä¶ https://t.co/Da4QOfwEAB"
ahmedjl2x,1.45E+18,2021-10-12 03:43:37+00:00,surprise! i've watched anOTHER episode of Squid Game! (S01  E09) #squidgames  https://t.co/o93yfsKyPV #tvtime https://t.co/conJUMqmiP
ahmedjl2x,1.45E+18,2021-10-12 03:41:40+00:00,Drop an emoji if you agree that creative marketing skills will help you throughout for your Digital Presence!!üòÖ‚Ä¶ https://t.co/M94yvubeox
ahmedjl2x,1.45E+18,2021-10-12 03:40:17+00:00,Lol I need a friend like 199 in my life üòÆ‚Äçüí® #SquidGames
ahmedjl2x,1.45E+18,2021-10-12 03:39:58+00:00,Acabei de assistir S01  E07 of Squid Game! #squidgames  https://t.co/2LDr2Rc6t7 #tvtime https://t.co/OeqEAlcmos
ahmedjl2x,1.45E+18,2021-10-12 03:38:34+00:00,I've just watched episode S01  E07 of Squid Game! #squidgames https://t.co/hGzJ39u9q6 #tvtime
ahmedjl2x,1.45E+18,2021-10-12 03:37:02+00:00,Wow the way they‚Äôre doing Ali on this show is making my chest hurt #SquidGame #SquidGames
ahmedjl2x,1.45E+18,2021-10-12 03:36:06+00:00,Who needs squid game masks for halloween? #squidgame #SquidGames #squidgamenetflix #squidgamememe #SquidGame https://t.co/2oCKbpxX1D
ahmedjl2x,1.45E+18,2021-10-12 03:35:03+00:00,"https://t.co/JVuxnDdKZK

#halloween2021 #Halloween #party #HALLOWEENPARTY #SquidGame #squidgamenetflix 
#SquidGames‚Ä¶ https://t.co/Is01YCPp1D"
ahmedjl2x,1.45E+18,2021-10-12 03:34:10+00:00,"T√ºrk                ü§ù         G√ºney Kore'li
        AYDEMƒ∞R AKBA≈û
#SquidGames https://t.co/IUuIIqttgq"
ahmedjl2x,1.45E+18,2021-10-12 03:33:55+00:00,"#SquidGames bringing out your gambling itch? Gamble responsibly, on the Divvy DevNet. Now live: https://t.co/ywOi5Sdsfv"
ahmedjl2x,1.45E+18,2021-10-12 03:32:22+00:00,#SquidGames https://t.co/bsrpIEF8Zd
ahmedjl2x,1.45E+18,2021-10-12 03:31:00+00:00,"‡∏°‡∏≤‡πÅ‡∏Ç‡πà‡∏á‡∏£‡∏≠‡∏ö‡∏™‡∏≠‡∏á‡∏õ‡πà‡∏≤‡∏ß ‡πÄ‡∏´‡πá‡∏ô‡∏´‡∏±‡∏ß‡πÅ‡∏î‡∏á‡πÜ #SquidGame #SquidGames 
https://t.co/9iVBk2HBIW https://t.co/GgMaukvJlC"
ahmedjl2x,1.45E+18,2021-10-12 03:26:51+00:00,@TorontoStar I got the invitation too! #SquidGames https://t.co/wlt3RF9MPA
ahmedjl2x,1.45E+18,2021-10-12 03:24:46+00:00,"You know that ?
google meet is a part of #SquidGame #SquidGames üòÇü§£üòÇ üîº‚è∫Ô∏è‚èπÔ∏è https://t.co/nhqOtwqTn9"
ahmedjl2x,1.45E+18,2021-10-12 03:24:16+00:00,Omg Ali üòì üò¢ #SquidGame #SquidGames
ahmedjl2x,1.45E+18,2021-10-12 03:23:11+00:00,The last release into the Ocean today is the one with the highest authority Whale Square. This Whale is one you do‚Ä¶ https://t.co/LAa1TbyI7K
ahmedjl2x,1.45E+18,2021-10-12 03:22:06+00:00,#SquidGames https://t.co/F2yBd0U6eO
ahmedjl2x,1.45E+18,2021-10-12 03:21:49+00:00,I've just watched episode S01  E09 of Squid Game! #squidgames  https://t.co/vzu59Myf3a #tvtime https://t.co/9XgfzWyqgi
ahmedjl2x,1.45E+18,2021-10-12 03:16:54+00:00,"Deok-su is scared shitless, I love to see it üòå #SquidGame #SquidGames"
ahmedjl2x,1.45E+18,2021-10-12 03:16:36+00:00,When they said eliminated they meant that shit üò≠ #squidgames
ahmedjl2x,1.45E+18,2021-10-12 03:15:12+00:00,Acabei de assistir o epis√≥dio: S01  E06 de Squid Game! #squidgames  https://t.co/84EfjlACyj #tvtime https://t.co/xL6gXFkWqi
ahmedjl2x,1.45E+18,2021-10-12 03:13:45+00:00,"Had a much needed mini vacation visiting my lovely sister @megankcrowe. Got brunch, watched #SquidGames, and went '‚Ä¶ https://t.co/BvDfBzPeOD"
ahmedjl2x,1.45E+18,2021-10-12 03:12:46+00:00,So the Korean government is hosting IRL #SquidGames https://t.co/pQqgCEpmrs
ahmedjl2x,1.45E+18,2021-10-12 03:11:31+00:00,The second drop into the Ocean to enforce the games is Triangle Whale who is one nasty Whale!‚Ä¶ https://t.co/QExCLskAGK
ahmedjl2x,1.45E+18,2021-10-12 03:11:24+00:00,Acabei de assistir o epis√≥dio S01  E04 de Squid Game! good 9.92 #squidgames  https://t.co/ehSyrM4EOY #tvtime https://t.co/B3CzplVymu
ahmedjl2x,1.45E+18,2021-10-12 03:10:34+00:00,#SemangatBaruBUMN #PupukIndonesia #pupuk #petani #petanimuda #petaniindonesia #indonesia #squidgames
ahmedjl2x,1.45E+18,2021-10-12 03:07:15+00:00,"Sang-woo‚Äôs evil ass üòíüôÑ I wish I knew what the literal translation was, I bet it was even worse than this backhanded‚Ä¶ https://t.co/V4q5UtQPbP"
ahmedjl2x,1.45E+18,2021-10-12 03:06:36+00:00,Good MF Night ü¶ë #SquidGames https://t.co/458zeUj9Jq
ahmedjl2x,1.45E+18,2021-10-12 03:06:09+00:00,"Squid Games is the rage at the moment, so we had to get in on the trend! Here is our Circle Whale fresh into the Oc‚Ä¶ https://t.co/y64Rg721BQ"
ahmedjl2x,1.45E+18,2021-10-12 03:05:52+00:00,"I've just watched ""Gganbu"" (S01  E06) of Squid Game! #squidgames  https://t.co/LepAJc47fT #tvtime https://t.co/6Tc97kgBv1"
ahmedjl2x,1.45E+18,2021-10-12 03:03:54+00:00,"I fucking hate squirt game, this is a copy of The Hunger games, why even bother watching? #Squidgames #squidgamenetflix"
ahmedjl2x,1.45E+18,2021-10-12 02:59:48+00:00,"$NFLX #SquidGames üí•üî•

SELLING options premium 45 DTE  $SPY $QQQ $TSLA $PLTR $SOFI $RBLX $AFRM $NVDA $DKNG $BA $UPST‚Ä¶ https://t.co/ujX6v9TT2V"
ahmedjl2x,1.45E+18,2021-10-12 02:59:00+00:00,Easily Influenced when you believe you have nothing; DESPERATE #squidgames https://t.co/TQMT2Obtv8
ahmedjl2x,1.45E+18,2021-10-12 02:58:45+00:00,"Lima es el verdadero juego del calamar. No me quedan dudas

#juegodelcalamar #SquidGames https://t.co/PwM2VQLasg"
ahmedjl2x,1.45E+18,2021-10-12 02:58:39+00:00,"I know the kids outside my office window are playing handball, but if I couldn't see them and could only hear them,‚Ä¶ https://t.co/psi7bnQ2Fv"
ahmedjl2x,1.45E+18,2021-10-12 02:57:26+00:00,I've just watched episode S01  E09 of Squid Game! #squidgames  https://t.co/B70LDT3g6I #tvtime https://t.co/Sv0W8x1Ks6
ahmedjl2x,1.45E+18,2021-10-12 02:56:35+00:00,"""EL JUEGO DEL CALAMAR 7 Pel√≠culas y series PARECIDAS"" https://t.co/Q3bVeZnWbb 
Video por @TvCthulhu #SquidGames‚Ä¶ https://t.co/goB6mypbLK"
ahmedjl2x,1.45E+18,2021-10-12 02:55:57+00:00,"Good day to ya

Here, have a messy squid game art :))

#SquidGame #SquidGames #squidgamenetflix https://t.co/qTkCTTOlol"
ahmedjl2x,1.45E+18,2021-10-12 02:55:14+00:00,"Are you ready for the #SquidGames ? üëåüëåüëå
#nftfashion #fanart #tezosnfts #tezos #Auction #NFTauction #juegodelcalamar‚Ä¶ https://t.co/mwo2nX0vvh"
ahmedjl2x,1.45E+18,2021-10-12 02:52:30+00:00,"K-Pop Jadi Bahan Pertanyaan UHB Bahasa Indonesia üò≠
@weareoneEXO @bts_bighit @NCTsmtown @SMTOWNGLOBAL @BLACKPINK‚Ä¶ https://t.co/upzf2yUK03"
ahmedjl2x,1.45E+18,2021-10-12 02:50:49+00:00,I've just watched episode S01  E09 of El juego del calamar! #squidgames  https://t.co/oJdDZcpDfv #tvtime https://t.co/0Tcbj38Nan
ahmedjl2x,1.45E+18,2021-10-12 02:48:22+00:00,I've just watched episode S01  E07 of Squid Game! #squidgames  https://t.co/zMfqLwGY9v #tvtime https://t.co/TaYzGYmnSe
ahmedjl2x,1.45E+18,2021-10-12 02:47:59+00:00,@SportsSturm great call on watching #SquidGames with the original Korean audio and English subtitle. All the more c‚Ä¶ https://t.co/GFe3sPNhXd
ahmedjl2x,1.45E+18,2021-10-12 02:47:28+00:00,"Episode 6 on #SquidGames is rough because faced with life or death, can you not resort to doing the lowest thing possible to live?"
ahmedjl2x,1.45E+18,2021-10-12 02:46:53+00:00,Acabei de assistir S01  E06 of Squid Game! #squidgames  https://t.co/v8e9sAgv5p #tvtime https://t.co/mfIDSoGVwU
ahmedjl2x,1.45E+18,2021-10-12 02:46:00+00:00,#SquidGame #SquidGames #squidgamefanart #squidgamenetflix #SquidGamememes #squidgamememe #SquidGameEp1 https://t.co/KUJUERUkto
ahmedjl2x,1.45E+18,2021-10-12 02:42:15+00:00,Player 240 is a legendüò≠ #SquidGames
ahmedjl2x,1.45E+18,2021-10-12 02:41:01+00:00,Don't risk it! CAD simulations can be tricky and take a long time to run. Let CADimensions' skilled engineers run y‚Ä¶ https://t.co/FZZTzb1AhI
ahmedjl2x,1.45E+18,2021-10-12 02:38:57+00:00,I haven't watched #SquidGames yet but I already know who wins: https://t.co/LxpF7WFXpZ
ahmedjl2x,1.45E+18,2021-10-12 02:36:56+00:00,#MSNBC #LastWord @BillKristol #SquidGames It's beyond cool #WilliamShatner actually has a chance to go into space.‚Ä¶ https://t.co/43iTzoVycd
ahmedjl2x,1.45E+18,2021-10-12 02:36:33+00:00,I've just watched episode S01  E06 of Squid Game! #squidgames  https://t.co/nQhxU4PQfE #tvtime https://t.co/Bg4he03xp0
